{"count":1,"gauges":{"Catch Ball Paddle.CumulativeReward":{"count":6,"max":10,"min":0,"value":10,"weightedAverage":3.71289063}},"self":13.507646399999999,"total":13.8811602,"children":{"AgentSendState":{"count":674,"self":0.026008299999999998,"total":0.0419809,"children":{"CollectObservations":{"count":1622,"self":0.0159726,"total":0.0159726,"children":null}}},"DecideAction":{"count":674,"self":0.314529,"total":0.314529,"children":null},"AgentAct":{"count":674,"self":0.015001299999999999,"total":0.015001299999999999,"children":null}}}