{"count":1,"gauges":{},"self":1.5849894,"total":1.6879875,"children":{"AgentSendState":{"count":50,"self":0.0040044,"total":0.0050084,"children":{"CollectObservations":{"count":234,"self":0.001004,"total":0.001004,"children":null}}},"DecideAction":{"count":50,"self":0.09099539999999999,"total":0.09099539999999999,"children":null},"AgentAct":{"count":50,"self":0.0049943,"total":0.0049943,"children":null}}}