{"count":1,"gauges":{},"self":17.888875199999998,"total":19.2205867,"children":{"AgentSendState":{"count":860,"self":0.0190042,"total":0.0340154,"children":{"CollectObservations":{"count":1935,"self":0.015011199999999999,"total":0.015011199999999999,"children":null}}},"DecideAction":{"count":860,"self":1.2717167999999999,"total":1.2717167999999999,"children":null},"AgentAct":{"count":860,"self":0.022979199999999998,"total":0.022979199999999998,"children":null}}}